Tweet Id;Datetime;retweetCount;likeCount;Text
1519995157776633856;2022-04-29 11:01:00+00:00;0;0;@PKO_Research Dlaczego na wykresie nie ma Polski? PrzecieÅ¼ trzeba siÄ™ chwaliÄ‡, Å¼e jesteÅ›my w czoÅ‚Ã³wce.
1519994171238629377;2022-04-29 10:57:05+00:00;0;0;CI Games zawarÅ‚ z PKO BP umowÄ™ kredytu do 29 mln zÅ‚ @CIGamesOfficial https://t.co/5GOoBATL3p
1519992225752625154;2022-04-29 10:49:21+00:00;0;0;@PawelBorys_ Czyli jeÅ¼eli ktoÅ› oszczÄ™dza w PKO to ma minus 12.5 % Gratulujemy @MorawieckiM i @pisorgpl
1519989581843685384;2022-04-29 10:38:51+00:00;1;3;"Inwestorzy zniechÄ™cÄ… siÄ™ doÂ rynku nieruchomoÅ›ci nawet bardziej niÅ¼ ci, ktÃ³rym drogÄ™ doÂ niego zamknie zbyt niska zdolnoÅ›Ä‡ kredytowa - przewidujÄ… analitycy PKO BP
@pulsinwestora

https://t.co/JuDBgmHeDn"
1519988653845532672;2022-04-29 10:35:09+00:00;0;0;@Rozmowa_RMF @RMF24pl Temu gÅ‚Ã³wnemu analitykowi ekonomicznemu PKO tata do wanny wchodziÅ‚ jak byÅ‚ maÅ‚y albo sie za duÅ¼o zadaje z PiSdzielcami  bo tak pierdoli ze aÅ¼ Å¼al sÅ‚uchaÄ‡ zawsze i wszystko to wina putina albo tuska jebaÄ‡ PiS i pisdzielcÃ³w
1519987405335498752;2022-04-29 10:30:12+00:00;0;0;CI Games SA (9/2022): Zawarcie umowy kredytu z PKO BP S.A. https://t.co/a0Hqi4aORg [2022.04.29 12:22] #espi #gpw #NewConnect #gieÅ‚da #inwestowanie #CIGamesSA
1519986182444417024;2022-04-29 10:25:20+00:00;1;1;ESPI/  CI GAMES SA (9/2022) Zawarcie umowy kredytu z PKO BP S.A. https://t.co/EcN3Ugk4h6 #polskiegry #PolishGames #gamedev #GPW #inwestycje
1519985821981593600;2022-04-29 10:23:54+00:00;0;4;"cc WIG-NieruchomoÅ›ci

od @PKO_Research https://t.co/4PngpAz4hn"
1519984312271228928;2022-04-29 10:17:54+00:00;0;0;"BANKI

DODATKOWA SKÅADKA NA BFG ALBO PKO BP MOÅ»E SZYKOWAÄ† SIÄ˜ DO PRZEJÄ˜CIA. INNEJ DROGI NIE MAğŸ‘‡ https://t.co/BrHz0ZizBF"
1519982672814166016;2022-04-29 10:11:23+00:00;0;0;"ChoÄ‡ trudno w to uwierzyÄ‡, Polacy nadal popeÅ‚niajÄ… bÅ‚Ä™dy, ktÃ³re zÅ‚odzieje wykorzystywali juÅ¼â€¦ 20 lat temu.
Jeden bÅ‚Ä…d i pieniÄ…dze znikajÄ…. PKO BP: niestety Polacy to robiÄ….
NADAL zapisujÄ… PIN do swej karty pÅ‚atniczej na karteczce trzymanej w portfelu lub NAWET NA SAMEJ KARCIE. https://t.co/1mSafRRZM3"
1519982266298028038;2022-04-29 10:09:46+00:00;0;6;To byÅ‚y drogie Å›wiÄ™ta. Ceny Å¼ywnoÅ›ci w Polsce w kwietniu wzrosÅ‚y o 4,2% m/m, najsilniej od 1995. To jeszcze nie koniec podwyÅ¼ek cen Å¼ywnoÅ›ci â€“ trendy zarÃ³wno globalne jak i lokalne pozostajÄ… na razie nieubÅ‚agane. https://t.co/qPM0Q73I4V
1519981332406759424;2022-04-29 10:06:04+00:00;0;0;Gracz ÅKS-u chce rozwiÄ…zaÄ‡ kontrakt. Nie pomoÅ¼e w walce o PKO EkstraklasÄ™ https://t.co/rUchR1oSd3
1519981151959629824;2022-04-29 10:05:21+00:00;0;0;"Banki alarmujÄ…, pieniÄ…dze znikajÄ… z kont PolakÃ³w. PKO BP: ten prosty bÅ‚Ä…d wciÄ…Å¼ klienci popeÅ‚niajÄ….
https://t.co/uTDoxm38Xu"
1519975195687239680;2022-04-29 09:41:41+00:00;0;0;"#ZbiÃ³rka funduszy na rzecz poszkodowanych rodzin z KWK #PniÃ³wek i #ZofiÃ³wka:
PKO BP 41 1020 2313 0000 3802 0349 5611 lub
on-line przez
https://t.co/j2PuZs7n3o

KONTAKT DLA POSZKODOWANYCH RODZIN
TEL. 32 757-26-08, 508-181-546 LUB E-MAIL:
fundacjafrg@wp.pl https://t.co/K4UVZspiqs"
1519974880535617536;2022-04-29 09:40:25+00:00;0;0;@PKO_Research gdzie jest Polska na tym wykresie? co to za manipisulacja?
1519974454654386176;2022-04-29 09:38:44+00:00;0;0;@PKO_Research gdzie jest polska na wykresie z lewej?
1519974042014527489;2022-04-29 09:37:06+00:00;1;4;Gospodarka strefy euro w 1q22 kontynuowaÅ‚a wzrost pomimo problemÃ³w (fali Omikron, zaburzeÅ„ podaÅ¼owych oraz wojny w Ukrainie). PKB zwiÄ™kszyÅ‚ siÄ™ o 0,2% q/q. Ryzyka recesji uniknÄ™Å‚y Niemcy, ktÃ³re po spadku PKB w 4q21, tym razem wzrosÅ‚y o 0,2% q/q. https://t.co/YzYDeONw7U
1519974006555910145;2022-04-29 09:36:57+00:00;0;0;@PKO_Research prz 6% inflacji wszystko bylo ok? jestescie daleko z tylu z rynkiem
1519973620805734401;2022-04-29 09:35:25+00:00;1;7;Jeszcze bardziej roÅ›nie zrÃ³Å¼nicowanie stÃ³p inflacji w poszczegÃ³lnych paÅ„stwach strefy euro. W Estonii inflacja HICP wzrosÅ‚a do 19,0% r/r, podczas gdy na Malcie i we Francji oscyluje wokÃ³Å‚ 5% r/r. Trudny orzech do zgryzienia dla EBC. 2/2 https://t.co/P1vzmI4uNx
1519973608537440256;2022-04-29 09:35:22+00:00;5;12;Inflacja HICP w strefie euro w kwietniu tym razem wzrosÅ‚a tylko minimalnie â€“ do 7,5% r/r z 7,4% r/r. Dynamika cen energii spowolniÅ‚a do 38,0% r/r z 44,4% r/r w marcu. Przyspiesza natomiast wzrost cen Å¼ywnoÅ›ci (6,4% r/r) oraz usÅ‚ug (3,3% r/r). 1/2 https://t.co/FbRZsnQpzx
1519971432800866304;2022-04-29 09:26:43+00:00;1;1;"@PiotrWeresniak PamiÄ™tam dokÅ‚adnie.
Rok wczeÅ›nie kredyt konsumpcyjny wziÄ…Å‚em w PKO i zderzyÅ‚em siÄ™ z rzeczywistoÅ›ciÄ…..."
1519971387464687622;2022-04-29 09:26:33+00:00;0;1;@JurekWu Giertych Pis realizuje swoja zlodziejaska polityke. W poniedzialek skladam pozew wobec czlonkÃ³w zarzÄ…du Pko BP na 1 mld zl odszkodowania wobec pana Czarneckiego itp
1519967344499515393;2022-04-29 09:10:29+00:00;0;3;"#RODO Bank PKO liczyÅ‚ kiedyÅ› uÅ›miechy, wÄ™gierski bank poszedÅ‚ dalej i bÄ™dzie go to kosztowaÅ‚o 250.000.000 forintÃ³w
https://t.co/beMsqEtAmW"
1519966260959842305;2022-04-29 09:06:10+00:00;0;0;PKO BANK HIPOTECZNY SA (10/2022): PowoÅ‚anie czÅ‚onkÃ³w Rady Nadzorczej PKO Banku Hipotecznego S.A. https://t.co/6U4qykGm0N [2022.04.29 11:01] #espi #gpw #NewConnect #gieÅ‚da #inwestowanie #PKOBANKHIPOTECZNYSA
1519962585470279681;2022-04-29 08:51:34+00:00;0;0;@wakezelo No ja mam w Pko jedno konto pierwsze drugie walutowe i jestem zadawolona oprÃ³cz mulenia aplikacji a to jest git
1519962514188124161;2022-04-29 08:51:17+00:00;0;2;@PKO_Research WiÄ™cej trzynastek, +, zakupÃ³w szczepionek, wyborÃ³w kopertowych i tarcz. Na pewno siÄ™ uda...
1519958951625961473;2022-04-29 08:37:08+00:00;0;1;@MaciejSamcik Jedno szczÄ™Å›cie ze w sierpniu zeszÅ‚ego roku zaalarmowany wewnÄ™trznym niepokojem podpisaÅ‚em aneks o staÅ‚e oprocentowanie w PKO BP. Czuje siÄ™ jakbym wygraÅ‚ na loterii majÄ…c oprocentowanie (bez marÅ¼y) 1,3%
1519958705160302592;2022-04-29 08:36:09+00:00;0;1;@Marcin20396329 @k_berenda To ze w pon masz konto w Pko Bp. Jest jeszcze 2 ale w niÄ… nie wierz3
1519952914663550977;2022-04-29 08:13:08+00:00;0;1;@PKO_Research GlapiÅ„ski co innego mÃ³wiÅ‚ Å¼e stÃ³p procentowych nie bÄ™dzie podwyÅ¼szaÅ‚.
1519952684106883073;2022-04-29 08:12:13+00:00;0;1;@PKO_Research Wasze szacunki sÄ… o kantâ€¦
1519952556008554497;2022-04-29 08:11:43+00:00;0;5;@PKO_Research @emocjewsieci Nie wierzymy juÅ¼ wamâœŒï¸
1519950609394581505;2022-04-29 08:03:59+00:00;0;7;OdpowiedÅº RPP to zapewne podwyÅ¼ka stÃ³p procentowych o 100pb na posiedzeniu w przyszÅ‚ym tygodniu. https://t.co/uK1rn3o7ZS
1519950298655207424;2022-04-29 08:02:45+00:00;1;6;Szacujemy na bazie wstÄ™pnych danych CPI, Å¼e gÅ‚Ã³wna miara inflacji bazowej (CPI bez Å¼ywnoÅ›ci, energii i paliw) wzrosÅ‚a w kwietniu do 7,5% r/r z 6,9% r/r w marcu. https://t.co/Px6NsgNCE4
1519950099367198720;2022-04-29 08:01:57+00:00;0;4;"@PKO_Research brawo @nbppl 
brawo @AndrzejDuda wiÄ™cej GlapiÅ„skiego, wytrzymamy!"
1519949661959864320;2022-04-29 08:00:13+00:00;13;55;Inflacja CPI w kwietniu wzrosÅ‚a do 12,3% r/r z 11,0% w marcu. Najmocniej dynamikÄ™ cen ogÃ³Å‚em podbiÅ‚a Å¼ywnoÅ›Ä‡. Proinflacyjne efekty wojny w Ukrainie bÄ™dziemy jeszcze dÅ‚ugo odczuwaÄ‡ i szczyt inflacji dopiero za kilka miesiÄ™cy.
1519948839700025344;2022-04-29 07:56:57+00:00;0;0;To jadymy. #PKO https://t.co/j0B4Kj6g3I
1519944299483439105;2022-04-29 07:38:54+00:00;0;0;"@tomaszwyluda Plan do planu.
To juÅ¼ koniec zielonego. W majÃ³wkÄ™ przejÄ™cie? PKO BP?"
1519942609837473793;2022-04-29 07:32:12+00:00;1;3;@sylkarp @tomo9000p @majkone @Cyfrowy_Ja @Jaclawski @konradryczko To bÄ™dziesz miaÅ‚ PKO z Getinem XD
1519942162108063744;2022-04-29 07:30:25+00:00;0;0;@tomo9000p @majkone @Cyfrowy_Ja @Jaclawski @konradryczko Bo mam PKO od wczoraj ğŸ˜€ğŸ˜€ğŸ˜€
1519941796167655424;2022-04-29 07:28:58+00:00;1;4;"@majkone @Cyfrowy_Ja @Jaclawski @konradryczko IMO PEO raczej nie z dwÃ³ch wzglÄ™dÃ³w:
1) jeszcze nie skoÅ„czyÅ‚ procesu poprzedniego resolution
2) PKO ma o wiele lepsza pozycje kapitaÅ‚owa"
1519936183463206913;2022-04-29 07:06:39+00:00;0;0;@rafa_madej @PKO_Research @pbujak @Marta_Petka @Michal_Rot @pastor_kamil @UKrynska A druga alegoria, ze jeden z ekonomistÃ³w juÅ¼ siedzi ğŸ˜œ
1519935357080547328;2022-04-29 07:03:22+00:00;1;5;@Jaclawski @konradryczko Ciekawe kto tym razem? Stawiam na PKO
1519933618667376640;2022-04-29 06:56:28+00:00;0;0;@rafa_madej @PKO_Research @Marta_Petka @Michal_Rot @pastor_kamil @UKrynska I widaÄ‡, Å¼e trochÄ™ wieje ze wschoduâ€¦
1519928986348011520;2022-04-29 06:38:03+00:00;0;3;@PKO_Research @pbujak @Marta_Petka @Michal_Rot @pastor_kamil @UKrynska Jaka piÄ™kna alegoria makro, niby Å‚adna perspektywa ale sporo chmur ğŸ˜ƒ
1519928056089096192;2022-04-29 06:34:22+00:00;1;2;W Polsce norweski fundusz ma akcje kilkudziesiÄ™ciu polskich spÃ³Å‚ek w tym bankÃ³w PKO BP, Pekao i Alior, ale takÅ¼e w KGHM, LPP, PKN Orlen, PZU o wartoÅ›ci 15 miliardÃ³w koron. Dysponuje takÅ¼e pakietem rzÄ…dowych obligacji skarbowych.
1519922157727399943;2022-04-29 06:10:55+00:00;1;3;MoÅ¼esz pobiec w dowolnym miejscu na Å›wiecie, o dowolnej porze â€“ waÅ¼ne, aby w terminie miÄ™dzy 15 a 22 maja 2022 r. Jak moÅ¼na doÅ‚Ä…czyÄ‡? â¤µï¸â¤µï¸â¤µï¸ Poznaj wiÄ™cej szczegÃ³Å‚Ã³w o Wirtualnym PKO BiaÅ‚ystok PÃ³Å‚maratonie: https://t.co/R0fVnIcpz8 #bieganie #biegam #biegacze #biegaczki #biega https://t.co/rVCz9E23rA
1519920099771269120;2022-04-29 06:02:45+00:00;1;9;"âš–ï¸ PRAWOMOCNA #WygranaCHF Klienta GK @VOTUMSAodszkodo z PKO BP S.A. âš–ï¸

27.04.2022
Wyrok SA w Szczecinie
Sygn. akt: I Ca 951/21
â›”ï¸ Umowa niewaÅ¼na â›”ï¸
ZasÄ…dzenie: 137.446,59 PLN + Ods. od 24.03.2020 + 2.700,00 KZP

@VotumRobinLaw
#Dlafrankowiczow
#Frankowicze
#GKVotum
#CHF
#VOT"
1519919432612597760;2022-04-29 06:00:06+00:00;0;1;"Inflacja miesza Ci w finansach? PKO wprowadza nowe sposoby na inwestowanie
https://t.co/WyKWPPVszB
#tabletowo"
1519913264053833728;2022-04-29 05:35:35+00:00;0;0;Dli pko ready
1519910734351814656;2022-04-29 05:25:32+00:00;0;0;Kolejna walka o wÅ‚adzÄ™. Tym razem w PKO BP i PZU. https://t.co/tiwXLbWphV
1519909389058064390;2022-04-29 05:20:11+00:00;0;8;"""W PKO BP ambicje prezesowskie ma jego wiceprezes Marcin Eckert, ktÃ³ry moÅ¼e liczyÄ‡ na wsparcie szefa rady nadzorczej banku Macieja ÅopiÅ„skiego"".
-
Czy ÅopiÅ„ski nie powinien siÄ™ zajÄ…Ä‡ namawianiem KaczyÅ„skiego do emerytury?"
1519896592895123457;2022-04-29 04:29:20+00:00;0;0;"PKO BP - â€Inwestycje tematyczneâ€ - nowe moÅ¼liwoÅ›ci inwestowania w IKO i iPKO

â€Inwestycje tematyczneâ€ to nowa, wÅ‚aÅ›nie udostÄ™pniona funkcja serwisu transakcyjnego i aplikacji mobilnej PKO Banku Polskiego.â€¦ 

https://t.co/HLF6AoLgVt"
1519893259950120960;2022-04-29 04:16:06+00:00;1;2;Kolejna walka o wÅ‚adzÄ™. Tym razem w PKO BP i PZU [TYLKO U NAS] https://t.co/bGL7Vw1nIN Koryto +.Jest o co walczyÄ‡ğŸ˜¡ğŸ˜¡ğŸ˜¡
1519789667293573121;2022-04-28 21:24:27+00:00;0;0;@KempinskiPatryk @K_Stanowski AÅ¼ to jutro sprawdzÄ™... PÃ³ki co na info linii PKO BP zaprzeczyli. NapiszÄ™ jeszcze oficjalnego maila, zobaczymy
1519775147917467650;2022-04-28 20:26:45+00:00;0;1;@RafaRudzki @Damian89274373 @tomo9000p ZamknÄ™liÅ›my shorty na PKO BP ze wzglÄ™du na skup akcji wÅ‚asnych.
1519770278968053761;2022-04-28 20:07:25+00:00;0;2;@RafaRudzki @AlexanderGrzeg1 @Damian89274373 PKO jest o tyle gorsze ,Å¼e ciÄ…Å¼y tam wciÄ…Å¼ portfel kredytÃ³w frankowych,  a to juÅ¼ realnie (a nie ksiegowo) wpÅ‚ywa na wynik
1519766309923430401;2022-04-28 19:51:38+00:00;0;1;@modliszka30 PKO BP oferuje 17,48% w promocji. A na karcie kredytowej 21,5%. ZÅ‚odzieje.
1519741227238936576;2022-04-28 18:11:58+00:00;0;0;"Mama miaÅ‚a dzisiaj goÅ›cia. ZnajomÄ… z PKO, prywatnie zonÄ™ puÅ‚kownika LWP. Znajoma mamy (78 lat): ""Za duÅ¼o imigrantÃ³w"". No... Jak takÄ… postawÄ… wykazujÄ… siÄ™ starzy towarzysze internacjonalistyczni..."
1519740643265941505;2022-04-28 18:09:39+00:00;0;2;"Z inflacjÄ™ odpowiadajÄ… 4 czynniki - ekspansywna polityka fiskalna paÅ„stwa, luÅºna polityka monetarna RPP i @nbppl oraz pandemia i wojna na Ukrainie - mÃ³wi Zbigniew JagieÅ‚Å‚o, b. prezes PKO BP. I przekonuje, Å¼e na inflacji najwiÄ™cej zarabiajÄ… kredytobiorcy
https://t.co/RJaFJrdr4m"
1519739983191490564;2022-04-28 18:07:02+00:00;0;0;@LewicowyCEO @AdrianIwansky @Wislicz OgraniczyÅ‚ to chyba tobie ktoÅ› dostÄ™p do stron PKO czy GUSu. https://t.co/KKP3Cqfk2H
1519715048821772289;2022-04-28 16:27:57+00:00;0;1;@AlexanderGrzeg1 @BankPekaoSA W PZU i PKO majÄ… ten sam problem. Nic tylko shortowaÄ‡.
1519708704379133961;2022-04-28 16:02:44+00:00;0;3;"Jak wynika z analizy przygotowanej przez PKO Bank Polski, zdolnoÅ›Ä‡ kredytowa PolakÃ³w znacznie spadÅ‚a w ciÄ…gu ostatnich kilku miesiÄ™cy. ObniÅ¼yÅ‚a siÄ™ ona nawet o ponad poÅ‚owÄ™ wzglÄ™dem 2021 r. 
https://t.co/k6iyG7INbJ"
1519708366393819137;2022-04-28 16:01:24+00:00;0;0;@SLODKAHERB4TKA Naszymi kartami debetowymi wydawanymi do kont moÅ¼na pÅ‚aciÄ‡ za granicÄ…. Dla pÅ‚atnoÅ›ci kartÄ… VISA w walucie innej, niÅ¼ waluta rachunku (do ktÃ³rego przypisana jest karta), Visa przelicza kwotÄ™ transakcji wedÅ‚ug swoich kursÃ³w. Kursy moÅ¼na znaleÅºÄ‡ na stronie: https://t.co/z4ukyggFUl.
1519692032377298947;2022-04-28 14:56:29+00:00;0;2;@DZIK37792415 Przy  wydatkach paÅ„stwa   poza  budÅ¼etem  w  wysokoÅ›ci  72%  caÅ‚ej  wydanej kasy??  Bony  PKO   bÄ™dÄ…  po  6 pln  a  dolary  po  10..jak tak dalej pÃ³jdzie...znÃ³w bÄ™dziemy Å¼ebrakami
1519690366303227908;2022-04-28 14:49:52+00:00;0;0;@PKO_Research @nbppl I to siÄ™ zgadza,  argumentacja pracodawcÃ³w wzglÄ™dem pracownikÃ³w jest takÄ… Å¼e mogÄ… ich zastÄ…piÄ‡ taÅ„si obcokrajowcy ktÃ³rzy pilnie poszukujÄ… kaÅ¼dej pracy
1519689104811778048;2022-04-28 14:44:51+00:00;0;0;@NarkunTomasz @T_Mariusz_T @PKO_Research Calkowicie sie zgadzam, max 55MLD.
1519683775009103872;2022-04-28 14:23:40+00:00;0;0;"@smokkku @patka0091 OczywiÅ›cie Å¼e nie , tylko mnie to dziwi bo ja majÄ…c konto w PKO BP nie mam opÅ‚at za wypÅ‚atÄ™ z bankomatu. OpÅ‚atÄ™ mam za wpÅ‚atÄ™ powyÅ¼ej 3 tyÅ›. wiÄ™c wystarczy wpÅ‚acaÄ‡ do 3 ;)"
1519680964225601537;2022-04-28 14:12:30+00:00;0;1;ej czy za granica mozna placic karta? jak np jestem w pko i mam karte visa to bede w stanie zaplacic za granica karta?
1519680847225495553;2022-04-28 14:12:02+00:00;0;1;Raport PKO o 50% spadku zdolnoÅ›ci kredytowej wzglÄ™dem 2021r https://t.co/zzRznA1wUA
1519677046712119296;2022-04-28 13:56:56+00:00;0;0;"Zapraszamy wszystkich do udziaÅ‚u w 13. PKO PÃ³Å‚maratonie Katowickim, ktÃ³ry jest czÄ™Å›ciÄ… Korony ÅšlÄ…skich PÃ³Å‚maratonÃ³w. ğŸ‘‘ Spotykamy siÄ™ juÅ¼ 7. maja - bÄ™dziecie?
#biegajmyrazem #polmaratonkatowicki #koronaslaskichpolmaratonow https://t.co/ezlCw5uMG2"
1519672983840862208;2022-04-28 13:40:48+00:00;0;0;@carolus_nervus Ja o Pekao, a Pan o PKO. To dwie rÃ³Å¼ne instytucje, pragnÄ™ zauwaÅ¼yÄ‡.
1519672292250427393;2022-04-28 13:38:03+00:00;0;8;Poziom PKB w USA w 1q22 obniÅ¼yÅ‚ siÄ™ o 1,4% q/q saar, przy spadkach prywatnych inwestycji, eksportu i wydatkÃ³w publicznych. Hamowanie amerykaÅ„skiej gospodarki jest niezbÄ™dne by ograniczyÄ‡ Å›wiatowÄ… inflacjÄ™. https://t.co/g8dYaQPWlW
1519671293850931200;2022-04-28 13:34:05+00:00;0;0;@czuryloPL @pbujak @Marta_Petka @Michal_Rot @pastor_kamil @UKrynska @ING_EconomicsPL Pozdrawiamy :)
1519670978103676928;2022-04-28 13:32:49+00:00;0;0;@PKO_Research @pbujak @Marta_Petka @Michal_Rot @pastor_kamil @UKrynska Koledzy z @ING_EconomicsPL mogliby pomachaÄ‡ z drugiej strony gdyby byli w biurze ğŸ˜‰
1519670781768257537;2022-04-28 13:32:03+00:00;0;1;@modliszka30 Bank PKO ma ponad 11 mln klientÃ³w. WiÄ™c zarobiÅ‚ na nich Å›rednio po 82 zÅ‚ote. W kwartale.
1519667822573633536;2022-04-28 13:20:17+00:00;1;3;@spdbv To taka cecha dorosÅ‚oÅ›ci - moÅ¼na siÄ™ zadÅ‚uÅ¼yÄ‡, ale trzeba teÅ¼ pamiÄ™taÄ‡, Å¼e zadÅ‚uÅ¼enie trzeba spÅ‚aciÄ‡ ğŸ™‚
1519667531442704384;2022-04-28 13:19:08+00:00;0;56;Ekonomistki i ekonomiÅ›ci PKO razem w biurze, po raz pierwszy od niepamiÄ™tnych czasÃ³w. #koniecpandemii #backtonormal https://t.co/XlzO61X7So
1519666754276016128;2022-04-28 13:16:02+00:00;0;1;"@Damian89274373 @PKO_Research @JanDziekonski @tomo9000p @Jakub_moscicki @NarkunTomasz badanie NBP jest doÅ›Ä‡ mgliste tutaj, ostatnia analiza PKO wskazuje, Å¼e 62% rynku to kredyty (i ciagle mÃ³wimy tylko o rynku pierwotnym, rynku wtÃ³rnego nie ma w raportach NBP)

Co zrobiÄ… gotÃ³wkowicze, gdy dojdzie do korekty na nieruchach?"
1519665217730490373;2022-04-28 13:09:56+00:00;0;1;@SilverMarketFan @PKO_Research @JanDziekonski @tomo9000p @Jakub_moscicki @NarkunTomasz Akurat przy zerowych stopach zakup za gotÃ³wkÄ™ byÅ‚ jedyna sensownÄ… opcjÄ… alokacjÄ… kapitaÅ‚u, w celu pÃ³zniejszej odsprzedazy/wynajmu. NBP podawaÅ‚, Å¼e w 2021r kwartalnie przekraczaÅ‚o to nawet 50% wszystkich transakcji
1519664064737251329;2022-04-28 13:05:21+00:00;0;0;Å›wietny prezent, dziÄ™kujÄ™ PKO ğŸ¥°
1519661011548135425;2022-04-28 12:53:13+00:00;0;1;"@Damian89274373 @PKO_Research @JanDziekonski @tomo9000p @Jakub_moscicki @NarkunTomasz ilu ludzi jest skÅ‚onnych oszczÄ™dzaÄ‡ z bierzÄ…cych dochodÃ³w na mieszkanie i czekaÄ‡ z zakupem powiedzmy 15-20 lat, a ile jest gotowych na kredyt na 30?

Dlatego goÅ‚y pomiar samym dochodem jest sÅ‚aby, kiedy na rynku mamy kredyty"
1519660352954322944;2022-04-28 12:50:36+00:00;0;2;@SilverMarketFan @PKO_Research @JanDziekonski @tomo9000p @Jakub_moscicki @NarkunTomasz Ale chyba lepszy wskaÅ¼nik to Å›rednie wynagr./Å›r cena m2 ? Albo wolumen udzielanych MTG do udzielanych kredytÃ³w ogÃ³Å‚em? Nie jestem ekspertem od rynk. nieruch. ale bardziej bym patrzyÅ‚ na te wskaÅ¼niki.
1519655620407926784;2022-04-28 12:31:48+00:00;5;3;SamorzÄ…dy wchodzÄ… w okres duÅ¼ej niepewnoÅ›ci z solidnÄ… nadwyÅ¼kÄ… â€“ 36,6 mld zÅ‚ na wyniku bieÅ¼Ä…cym w 2021. Jak rosnÄ…ce koszty i obniÅ¼enie wpÅ‚ywÃ³w z PIT wpÅ‚ynÄ… na tegoroczny wynik? Zapraszamy do lektury raportu: https://t.co/enFzDa4ctz https://t.co/P6VOPZr2PW
1519655081926352896;2022-04-28 12:29:40+00:00;0;0;@poland_gp @NarkunTomasz @PKO_Research Kolejne brednie z kupowaniem za gotÃ³wkÄ™. WedÅ‚ug raportÃ³w NBP, zakup za gotÃ³wkÄ™ to taki, gdzie ktoÅ› wkÅ‚ada 30% (jakoÅ› tak) wartoÅ›ci nieruchomoÅ›ci jako wkÅ‚ad wÅ‚asny.
1519654663276146691;2022-04-28 12:28:00+00:00;0;3;"@Damian89274373 @PKO_Research @JanDziekonski @tomo9000p @Jakub_moscicki @NarkunTomasz nigdy w PL nie mieliÅ›my takiej skali podwyÅ¼ek (zarÃ³wno % i minimalnie), a przynajmniej nie w ostatnim 20 leciu. 

Spadek zdolnoÅ›ci w latach 2010-2013 byÅ‚ zaledwie kilka % przez wzrost wynagrodzenia, dziÅ› mamy -45% kwiecieÅ„ 2022 vs czerwiec 2021. 

Ostre hamowanie"
1519654038119329794;2022-04-28 12:25:31+00:00;0;1;@SilverMarketFan @PKO_Research @JanDziekonski @tomo9000p @Jakub_moscicki @NarkunTomasz No ale zawsze (nie zawsze w takiej skali) przy zaostrzaniu pol. mon. mamy takie efekty (duÅ¼a obniÅ¼ka zdolnoÅ›ci kred.), a chyba nie zawsze poprzedzajÄ™ je baÅ„ki na rynku nieruch. ? W sensie traktowaÅ‚bym te wykresy jako dowÃ³d poszlakowy :) (bo rynek byÅ‚ napompowany niewÄ…tpliwie)
1519651038520877058;2022-04-28 12:13:35+00:00;0;0;"@Damian89274373 @PKO_Research @JanDziekonski @tomo9000p @Jakub_moscicki @NarkunTomasz 1.szy wykres pochodziÅ‚ z raportu, gdzie pokazano, Å¼e jeszcze daleko nam to poziomÃ³w z 2007, ktÃ³ry powszechnie jest uznawany za szczyt poprzedniej hossy &gt; pokazywano ile % Å›redniej pensji potrzebowano, Å¼eby wziÄ…Ä‡ standardowy kredyt. dziÅ› zdolnoÅ›Ä‡ mocno spadÅ‚a, wiÄ™c przebijamy 2007 https://t.co/D61iPhEJ7C"
1519650141082468352;2022-04-28 12:10:02+00:00;0;2;@SilverMarketFan @PKO_Research @JanDziekonski @tomo9000p @Jakub_moscicki @NarkunTomasz Ale gdzie w tych wykresach akurat dowÃ³d na baÅ„kÄ™ ?
1519647321721556992;2022-04-28 11:58:49+00:00;0;0;PKO BP: Liczba kredytÃ³w hipotecznych spadnie do ok. 170 tys., wartoÅ›Ä‡ do 60 mld zÅ‚ w 2022 https://t.co/av1aHgxOH0 https://t.co/3RqdulgjQm
1519646120850247680;2022-04-28 11:54:03+00:00;0;0;PKO BP: Liczba kredytÃ³w hipotecznych spadnie do ok. 170 tys., wartoÅ›Ä‡ do 60 mld zÅ‚ w 2022 https://t.co/1rYyLnx8OU
1519642264737361921;2022-04-28 11:38:44+00:00;0;0;#PILNE zdolnoÅ›Ä‡ kredytÃ³w PolakÃ³w spadÅ‚a o 50% w porÃ³wnaniu do poprzedniego roku. #RPP #NBP #PKO #Polska #nieruchomoÅ›ci #inflacja Mimo tego rynek powinien siÄ™ obroniÄ‡ moim zdaniem. https://t.co/NviGBMZgot
1519640869640577027;2022-04-28 11:33:11+00:00;0;3;"@SilverMarketFan @PKO_Research @JanDziekonski @tomo9000p @Jakub_moscicki @NarkunTomasz Dodatkowo, zawodowo dopiszÄ™, Å¼e wielu kupujÄ…cych w latach 2020-2021 juÅ¼ na pierwszy rzut oka budziÅ‚o wÄ…tpliwoÅ›ci co do, nazwijmy to tak, ""moÅ¼noÅ›ci nabycia nieruchomoÅ›ci"". Ich nigdy nie byÅ‚o staÄ‡. Banki dajÄ…c szeroki dostÄ™p do kr.hip. niepotrzebnie wzbudziÅ‚y aspiracje ponad stan"
1519639827259531271;2022-04-28 11:29:03+00:00;0;3;@SilverMarketFan @PKO_Research @JanDziekonski @tomo9000p @Jakub_moscicki @NarkunTomasz PrzecieÅ¼ kaÅ¼dy choÄ‡ trochÄ™ powiÄ…zany z rynkiem nieruchomoÅ›ci wiedziaÅ‚, Å¼e fazÄ™ dmuchania baÅ„ki zamknÄ… kupujÄ…cy za ultratanie kredyty, za piÄ™Ä‡ dwunasta przed wzrostem stÃ³p. A o stopach byÅ‚o wiadomo od sierpnia-wrzeÅ›nia 2021r.
1519639612901240832;2022-04-28 11:28:11+00:00;0;0;PKO STRATEGII OBLIGACYJNYCH FIZ (/2022): Raport kwartalny https://t.co/dUxBH1G1Zg [2022.04.28 13:20] #espi #gpw #NewConnect #gieÅ‚da #inwestowanie #PKOSTRATEGIIOBLIGACYJNYCHFIZ
1519637599266168836;2022-04-28 11:20:11+00:00;0;0;PKO GLOBALNEJ STRATEGII FIZ (/2022): Raport kwartalny https://t.co/k6VIJti1PY [2022.04.28 13:15] #espi #gpw #NewConnect #gieÅ‚da #inwestowanie #PKOGLOBALNEJSTRATEGIIFIZ
1519636588166328320;2022-04-28 11:16:10+00:00;0;0;PKO ABSOLUTNEJ STOPY ZWROTU EUROPA WSCHÃ“D - ZACHÃ“D FIZ (/2022): Raport kwartalny https://t.co/cnTIfHKAn7 [2022.04.28 13:10] #espi #gpw #NewConnect #gieÅ‚da #inwestowanie #PKOABSOLUTNEJSTOPYZWROTUEUROPAWSCHÃ“D-ZACHÃ“DFIZ
1519635655160123393;2022-04-28 11:12:28+00:00;17;36;"Wzrost stÃ³p procentowych i zmiany w zasadach wyliczania zdolnoÅ›ci kredytowej spowodowaÅ‚y, Å¼e zdolnoÅ›Ä‡ obniÅ¼yÅ‚a siÄ™ o ponad poÅ‚owÄ™ wzglÄ™dem 2021. Jak spadnie popyt na mieszkania? Zapraszamy do lektury naszego raportu:
https://t.co/jgWFsvytWX https://t.co/MI9w72tRzs"
1519632981677199361;2022-04-28 11:01:50+00:00;2;15;"kilka miesiÄ™cy temu moÅ¼na byÅ‚o przeczytaÄ‡ u @PKO_Research, Å¼e baÅ„ki na nieruchomoÅ›ciach nie ma (analiza przy WIBOR 0,22%), bo moÅ¼na sporo nabyÄ‡ na zdolnoÅ›ci. 

Tymczasem takie cuda w najnowszym raporcie

BOOM!

CC @JanDziekonski @tomo9000p @Jakub_moscicki @NarkunTomasz https://t.co/rnYfmnfFQa"
1519632693750898691;2022-04-28 11:00:42+00:00;0;0;"@gestaPO66889534 @alternatywy_TT @bbudka @donaldtusk @EwaKopacz byÅ‚em na studiach w Poznaniu w okolicach roku 2000.
wszyscy studenci mieli karty WBK, 
a do PKO BP rodzice musieli chodziÄ‡ z czekami do oddziaÅ‚u. utrzymali siÄ™, bo mieli wielkÄ… bazÄ™ klientÃ³w."
1519632057726652417;2022-04-28 10:58:10+00:00;0;0;@Pekao_Analizy @JanDziekonski @tomo9000p @Jakub_moscicki @NarkunTomasz mÃ³j bÅ‚Ä…d!! zÅ‚e PKO.
1519631861105975296;2022-04-28 10:57:23+00:00;0;0;@jjjrodman @alternatywy_TT @bbudka @donaldtusk @EwaKopacz Bank PKO BP nigdy nie zostaÅ‚ sprzedany zawsze byÅ‚ w Polskim kapitale i jakoÅ› czekÃ³w nie pamiÄ™tajÄ… tam od 30 lat https://t.co/klakiySJSp
1519631369005158400;2022-04-28 10:55:26+00:00;1;2;"Nr.1 PKO Inteligentny dom Nr.2 voiceboty/AI w tym Asystent gÅ‚osowy IKO - to czoÅ‚Ã³wka zestawienia 
Bankowa Innowacja Roku 2022 wedÅ‚ug @ForbesPolska 
Uznanie i brawa ğŸ‘dla moich koleÅ¼anek i kolegÃ³w z @PKOBP 

https://t.co/uERsVxco3A"
1519631003568025600;2022-04-28 10:53:59+00:00;0;0;@olafm90 @MaciejRudke @BankPekaoSA w sumie racja. ale wedÅ‚ug mnie PKO BP nie ma takiego aÅ¼ problemu patrzac na wartoÅ›Ä‡ aktywÃ³w i zysk netto banku
1519630541439574017;2022-04-28 10:52:09+00:00;0;0;@olafm90 @MaciejRudke @BankPekaoSA chyba 400 mln zÅ‚. PKO Bp w sumie to i tak zaraz problemÃ³w nie bÄ™dzie miaÅ‚o, maja program zawierania ugÃ³d
1519629887983783938;2022-04-28 10:49:33+00:00;0;1;@MaciejRudke @BankPekaoSA Warto dodaÄ‡, Å¼e portfel frankowy majÄ… marginalny w porÃ³wnaniu choÄ‡by do PKO BP
1519627688423526401;2022-04-28 10:40:48+00:00;0;0;@LaPau1312 Pko bastardo infinito
1519624921927794688;2022-04-28 10:29:49+00:00;0;1;@T_Mariusz_T @NarkunTomasz @PKO_Research Dlaczego dramatyczne?  Dramatycznie nieodpoaiwdzlane byÅ‚o utrzymywanie tak niskiej  ceny pieniadza. To byÅ‚o NIENORMALNE. Jestem, Å¼e deweloperzy oblowonli siÄ™ dziÄ™ki kuny ale to taraz potworny dlug bÄ™dÄ… spalcali kredytobiorcy a poÅ›rednio, w inflacji wszyscy.
1519620929936142336;2022-04-28 10:13:57+00:00;0;0;@poland_gp @NarkunTomasz @PKO_Research Nowe projekty teraz wprowadzane majÄ… widocznie wyÅ¼sze ceny niÅ¼ te wprowadzane okoÅ‚o 6mcy temu.  Nie da siÄ™ taniej produkowaÄ‡ mieszkaÅ„, Å¼eby siÄ™ to opÅ‚acaÅ‚o.
1519615678524833793;2022-04-28 09:53:05+00:00;0;1;"@anonimowy987 @poland_gp @NarkunTomasz @PKO_Research 6 miast nadal jest ~20% nizej niz w wiekszosci kwartalow z 2015-2020 *JLL 1Q22
+ deweloperzy moga opozniac/zmniejszyc liczbe wprowadzanych projektow, bo maja bardzo dobra sytuacje finansowa (Ci duzi z 6 miast)

q/q tak, ale nieznacznie"
1519615403462328320;2022-04-28 09:51:59+00:00;0;1;@NarkunTomasz @PKO_Research Niestety nic nowego. Wszyscy juÅ¼ wiedzÄ…, Å¼e zakupÃ³w na kredyt bÄ™dzie mniej.
1519615087622897664;2022-04-28 09:50:44+00:00;1;0;Jak wskazuje @PKO_Research  zdolnoÅ›Ä‡ kredytowa obniÅ¼yÅ‚a siÄ™ nawet o ponad poÅ‚owÄ™ wzglÄ™dem 2021 roku. Za okoÅ‚o dwie trzecie tego ubytku odpowiada wzrost stÃ³p procentowych, za okoÅ‚o jednÄ… trzeciÄ… zaostrzenie polityki kredytowej.
1519609096080695298;2022-04-28 09:26:56+00:00;0;12;@NarkunTomasz Polecamy rÃ³wnieÅ¼
1519607057778941952;2022-04-28 09:18:50+00:00;0;10;@NarkunTomasz @PKO_Research aÅ¼ chce siÄ™ czytaÄ‡ przy takim klasyku :) https://t.co/3U0Nc0CgrI
1519606182427643905;2022-04-28 09:15:21+00:00;0;1;@poland_gp @NarkunTomasz @PKO_Research Oferta deweloperow w warszawie wzrosla. Wiecej mieszkan wprowadza sie do oferty niz sie sprzedaje.
1519606025896275970;2022-04-28 09:14:44+00:00;0;4;@NarkunTomasz @T_Mariusz_T @PKO_Research Tez uwazam, ze to mocno zawyzona prognoza. Wg mnie 150 tys kredytow w 2022 i wartosc w okolicach 50/55 mld to jest max. I ryzyka ciagna w dol.
1519605787127078913;2022-04-28 09:13:47+00:00;0;7;@T_Mariusz_T @PKO_Research Moim skromnym zdaniem nie dobijemy do 60 mld.
1519605279440187393;2022-04-28 09:11:46+00:00;0;2;@NarkunTomasz @PKO_Research Dobre.Z tym ze w waw chyba 60% byÅ‚o brane za gotÃ³wkÄ™, przy lokatach 3% i inflacji 11 to w waw duÅ¼o siÄ™ nie zmieni a i podaÅ¼ spadÅ‚a r/r Ok 20% . I znÃ³w opiekuÅ„cze paÅ„stwo najbardziej odczujÄ… co ktÃ³rzy najwiecej tego potrzebujÄ…. Macie info ile kredytÃ³w w % jest niespÅ‚acanych?
1519605176734302208;2022-04-28 09:11:21+00:00;0;0;"Wykresy @PKO_Research pokazujÄ…ce, jak w duÅ¼ych miastach od lutego:
- zniknÄ™Å‚y oferty najmu mieszkaÅ„,
- wzrosÅ‚y ceny najmu.

https://t.co/Z3NhUl6PAb https://t.co/53R2HAopCY"
1519604271075016715;2022-04-28 09:07:45+00:00;2;13;WedÅ‚ug @nbppl w 1q22 nastÄ…piÅ‚o wyhamowanie wzrostu presji pÅ‚acowej w przedsiÄ™biorstwach. UdziaÅ‚ firm prognozujÄ…cych wzrost pÅ‚ac spadÅ‚ (do 45%), ale nadal jest wysoki na tle historycznym. https://t.co/78nMBSrLRO
1519603927737675776;2022-04-28 09:06:23+00:00;1;3;DuÅ¼o byÅ‚o obaw o szok, ktÃ³rym bÄ™dzie odpÅ‚yw ukraiÅ„skich pracownikÃ³w z polskich firm. WedÅ‚ug badania @nbppl nie jest to jednak kluczowe wyzwanie zwiÄ…zane z wojnÄ…, nawet wÅ›rÃ³d firm transportowych i budowlanych. https://t.co/6kyuA6x6XV
1519603574338162688;2022-04-28 09:04:59+00:00;0;0;"@NarkunTomasz @PKO_Research Ciekawe i dramatyczne zarazem...""Szacujemy, Å¼e wartoÅ›Ä‡ udzielonych kredytÃ³w moÅ¼e spaÅ›Ä‡ w 2022 do 60 mld zÅ‚ z 85,7 mld zÅ‚ w 2021, a ich liczba do 170 tys. z ponad 250 tys. w roku ubiegÅ‚ym."""
1519602500265025536;2022-04-28 09:00:43+00:00;0;0;@NarkunTomasz @PKO_Research z tym Mogielnickim przesadzili..
1519602484658024448;2022-04-28 09:00:39+00:00;1;4;â€Inwestycje tematyczneâ€ to nowa funkcja w serwisie transakcyjnym iPKO i aplikacji IKO. RozwiÄ…zanie uÅ‚atwia inwestowanie oraz umoÅ¼liwia wykorzystanie inspiracji pÅ‚ynÄ…cych z decyzji innych inwestorÃ³w. SprawdÅºcieâ¡ï¸https://t.co/mK3pHFW3kE https://t.co/lvgpiYp0V9
1519601880267173890;2022-04-28 08:58:15+00:00;2;4;WedÅ‚ug firm badanych przez @nbppl inflacja jest wciÄ…Å¼ kluczowym problemem z ktÃ³rym siÄ™ mierzÄ… Drugie najczÄ™stsze wskazanie to wojna â€“ jej negatywne konsekwencje odczuwa 21% firm. https://t.co/iaFddNwirJ
1519601793432444930;2022-04-28 08:57:55+00:00;16;150;"Link do najnowszej, bardzo dobrej analizy @PKO_Research dotyczÄ…cej obecnej sytuacji na rynku mieszkaniowym ğŸ‘‡

https://t.co/7KVIgK45D1"
1519601652768067584;2022-04-28 08:57:21+00:00;0;0;@Christo16042471 @Piechocinski BlokowaÅ‚em dowÃ³d z AI z PKO BP - i wszystko przebiegÅ‚o bezproblemowo.
1519600531592957954;2022-04-28 08:52:54+00:00;1;3;â€Mimo rekordowo wysokiej dynamiki zapasÃ³w w 4q21, odsetki przedsiÄ™biorstw informujÄ…cych o zbyt niskich â€“ w relacji do potrzeb â€“ stanach zapasÃ³w prod. gotowych oraz towarÃ³w tylko nieznacznie spadÅ‚y w 1q22 i wciÄ…Å¼ ksztaÅ‚towaÅ‚y siÄ™ na poziomach zbliÅ¼onych do historycznych maksimÃ³w.â€ https://t.co/iadMMOKVOb
1519598865460056065;2022-04-28 08:46:16+00:00;0;5;WedÅ‚ug nowego Szybkiego Monitoringu @nbppl kurs opÅ‚acalnoÅ›ci eksportu przesunÄ…Å‚ siÄ™ w gÃ³rÄ™ o 4gr do 4,15 dla EURPLN i o 15 gr do 3,72 dla USDPLN. Kurs opÅ‚acalnoÅ›ci importu dla EURPLN wzrÃ³sÅ‚ o 14gr do 4,96, a dla USDPLN o 28gr do 4,52. https://t.co/hNnQ7NcVZU
1519597633576263680;2022-04-28 08:41:23+00:00;2;10;JastrzÄ™bie zaskoczenie w Szwecji. W reakcji na rosnÄ…cÄ… presjÄ™ inflacyjnÄ… (najwyÅ¼sza inflacja od lat 90.) Riksbank zdecydowaÅ‚ siÄ™ na podwyÅ¼kÄ™ stopy bazowej z 0% do 0,25%. Bank prognozuje, Å¼e w ciÄ…gu trzech lat bÄ™dzie kontynuowaÅ‚ podwyÅ¼ki, aÅ¼ do poziomu nieco poniÅ¼ej 2%. https://t.co/8X7djdeLQ8
1519588058500374529;2022-04-28 08:03:20+00:00;0;0;@lkwarzecha Moze w ramach tych apelÃ³w wpÅ‚ynÄ…Å‚by na paÅ„stwowe PKO by coÅ› z tym zrobiÅ‚o
1519579089287491584;2022-04-28 07:27:41+00:00;0;0;@MateuszBdzy @GrzegorzMich @Przemys46402110 @ProPol2020 @MichalMurgrabia @MateuszMarzoch @RBakiewicz @urbaniak_michal @RobertWinnicki @StowMarszN SÅ‚uszna uwaga. Pko ideowej prawicy z inicjatywy tzw. poboÅ¼nej Zjednoczonej Prawicy w skÃ³rze marksistowskiej.
1519574826431692801;2022-04-28 07:10:45+00:00;0;0;W marcu powrÃ³ciÅ‚a tendencja obserwowana przez wiÄ™kszoÅ›Ä‡ 2021 â€“ wyÅ¼szej dynamiki masy zaÅ‚adunku i wyÅ‚adunku w polskich portach morskich ropy naftowej niÅ¼ wÄ™gla i koksu (odpowiednio 55,1% r/r vs -2,5% r/r). 6/6 https://t.co/t3ECiGxfMH
1519574820303872002;2022-04-28 07:10:44+00:00;0;0;W marcu udziaÅ‚ ropy naftowej w Å‚adunkach zaÅ‚adowanych i wyÅ‚adowanych w polskich portach morskich spadÅ‚ do 27,4% vs 28,8% w lutym, a w 2021 wyniÃ³sÅ‚ Å›rednio 25,5%. UdziaÅ‚ zaÅ‚adunku i wyÅ‚adunku wÄ™gla i koksu obniÅ¼yÅ‚ siÄ™ do odpowiednio 10,8% vs 12,5%, a w 2021 osiÄ…gnÄ…Å‚ 8,8%. 5/6 https://t.co/h5auoR7t1R
1519574813949444096;2022-04-28 07:10:42+00:00;0;0;W marcu najwyÅ¼szÄ… rocznÄ… dynamikÄ… zaÅ‚adunkÃ³w i wyÅ‚adunkÃ³w w portach morskich charakteryzowaÅ‚y siÄ™ Å‚adunki masowe ciekÅ‚e (52,3%) oraz pozostaÅ‚e Å‚adunki drobnicowe (29,5%). Natomiast 9. miesiÄ…c z rzÄ™du zanotowano spadek Å‚adunkÃ³w masowych suchych (w marcu -7,2% r/r). 4/6 https://t.co/WQcHoNxumo
1519574807607746562;2022-04-28 07:10:41+00:00;0;0;W marcu zaÅ‚adowano i wyÅ‚adowano w polskich portach morskich 9,8 mln t Å‚adunkÃ³w i byÅ‚o to o 13,1% wiÄ™cej r/r vs +4,0% r/r w lutym i Å›rednio +9,2% r/r w 2021. W marcu prawie 62% Å‚adunkÃ³w ogÃ³Å‚em stanowiÅ‚y Å‚adunki masowe ciekÅ‚e i masowe suche. 3/6 https://t.co/MgLPHpSkTV
1519574799902720002;2022-04-28 07:10:39+00:00;0;1;W marcu przewieziono 53,0 mln ton Å‚adunkÃ³w, w tym 49,2% transportem samochodowym i 41,2% kolejowym. Tempo wzrostu przewozÃ³w Å‚adunkÃ³w ogÃ³Å‚em spadÅ‚o do 4,6% r/r vs 9,6% w lutym (i przeciÄ™tnie 3,7% w 2021). W marcu najwyÅ¼sza byÅ‚a dynamika w transporcie rurociÄ…gowym (25,6% r/r). 2/6 https://t.co/VhaCkQG2Am
1519574792940277761;2022-04-28 07:10:37+00:00;0;5;W marcu przewieziono 42,1 mln pasaÅ¼erÃ³w (bez komunik. miejskiej), w tym 58,2% transportem kolejowym i 38,0% samochodowym. Przewozy ogÃ³Å‚em wzrosÅ‚y o 77,1% r/r vs 50,6% w lutym i Å›rednio 11,0% w 2021. DuÅ¼e odbicie przewozÃ³w samochodowych wynikaÅ‚o m. in. z niskiej bazy z ub. r. 1/6 https://t.co/tZOFZCDukF
1519567622202966016;2022-04-28 06:42:07+00:00;0;0;"BM PKO BP obniÅ¼yÅ‚ rekomendacjÄ™ dla Oponeo do ""trzymaj""; cena docelowa 50,5 zÅ‚ @oponeo_pl https://t.co/UFthlNEQ0w"
1519558984172199937;2022-04-28 06:07:48+00:00;2;30;Sztuczna inteligencja obsÅ‚uÅ¼yÅ‚a 4 mln klientÃ³w PKO BP i przeprowadziÅ‚a 10 mln rozmÃ³w
1519443960623681537;2022-04-27 22:30:44+00:00;0;2;@PKO_Research PrzecieÅ¼ kontrakt jamalski koÅ„czy siÄ™ 31.12.2022. To chyba normalne, Å¼e Polska siÄ™ na to przygotowaÅ‚a. Inaczej oznaczaÅ‚oby, Å¼e sasinozada ogarnÄ™Å‚a wszystkie resorty.
1519404959577612288;2022-04-27 19:55:46+00:00;0;0;@K_Stanowski DokÅ‚adnie, na jeden bankomat PKO przypada np kilkanaÅ›cie euronetu. W PKO mogÄ™ od rÄ™ki wyciÄ…gnÄ…Ä‡ 5k a przy innych stoi czÅ‚owiek jak koÅ‚ek i 5x 1k to trwa i trwa. Chodzenie po kasÄ™ do banku nawet bÄ™dÄ…c na koncie premium to strata czasuâ€¦
1519404945782542341;2022-04-27 19:55:42+00:00;0;0;@PskiMarcin Panie Marcinie webinar jest o edukacji dotyczÄ…cej bezpieczeÅ„stwa w sieci, ktÃ³re w kontekÅ›cie bankowoÅ›ci teÅ¼ jest istotne
1519402517192486912;2022-04-27 19:46:03+00:00;0;0;PKO Bank Polski - Fake news - jak chroniÄ‡ siÄ™ przed dezinformacjÄ…? - #PKO Bank #Polski https://t.co/CVq7ATKu26 @pkobp
1519397398694531076;2022-04-27 19:25:43+00:00;0;1;@1980Radek A czemu nie ... przecieÅ¼ NIE PÅACA ODSETEK OD TRZYMANEJ U NICH FORSY od lat ... w PKO BP odsetki na lokacie 10 groszy na rok
1519397328221880322;2022-04-27 19:25:26+00:00;0;0;A czemu nie ... przecieÅ¼ NIE PÅACA ODSETEK OD TRZYMANEJ U NICH FORSY od lat ... w PKO BP odsetki na lokacie 10 groszy na rok https://t.co/K5BdUVhqTy
1519392051476975616;2022-04-27 19:04:28+00:00;0;1;@nextofk76493773 To zgoda. FWIW myÅ›lÄ™, Å¼e MF powinno od dawna mieÄ‡ szerszÄ… i atrakcyjniejszÄ… ofertÄ™ detalicznych oraz bardziej rozbudowanÄ… sieÄ‡ sprzedaÅ¼y (inne banki niÅ¼ PKO BP?).
1519389734002438144;2022-04-27 18:55:16+00:00;0;0;Fake news - jak chroniÄ‡ siÄ™ przed dezinformacjÄ…? | PKO Bank Polski https://t.co/LnFtCYLbAE przez @YouTube
1519381669266006016;2022-04-27 18:23:13+00:00;0;0;@barszczynka wiesz co mnie juz nic nie zdziwi ostatnio do mnie zadzwonila infolinia pko?? ta taka automatyczna xdd
1519375659684007937;2022-04-27 17:59:20+00:00;0;2;@AlfredHugecock1 @paoolek @hockeygoaliepl @RysiekzMisia2 @czekacz CoÅ› ty! Oni sÄ… droÅ¼si nawet od aliora ğŸ˜¬ a papierologia wiÄ™ksza niÅ¼ w PKO, ktÃ³re zajebiÅ›cie wysoko postawiÅ‚o poprzeczkÄ™
1519366308068044801;2022-04-27 17:22:10+00:00;0;0;Ferro SA (6/2022): Zawarcie aneksu do umowy limitu kredytowego wielocelowego z PKO BP SA https://t.co/sf6AZhFTE5 [2022.04.27 19:16] #espi #gpw #NewConnect #gieÅ‚da #inwestowanie #FerroSA
1519356308339765249;2022-04-27 16:42:26+00:00;3;3;Jak rozpoznaÄ‡ faÅ‚szywe konta w mediach spoÅ‚ecznoÅ›ciowych? Jak weryfikowaÄ‡ fakty w sieci? Czym jest deepfake? Trwa nasz webinar, doÅ‚Ä…czcie â†˜ï¸ https://t.co/16cCmx1c7M
1519345078094946306;2022-04-27 15:57:49+00:00;2;3;JeÅ¼eli interesuje Was temat dezinformacji i fake news to wÅ‚Ä…czcie teraz nasz webinar! Dowiecie siÄ™ w jaki sposÃ³b rozpoznawaÄ‡ faÅ‚szywe newsy i jak na nie reagowaÄ‡: â†˜ï¸https://t.co/16cCmx1c7M
1519343303715659776;2022-04-27 15:50:46+00:00;0;0;PKO Bank Polski - Nadaj swÃ³j przyjazny login do #iPKO i loguj siÄ™ wygodniej https://t.co/glpbdBB6t4 @pkobp
1519334896052887554;2022-04-27 15:17:21+00:00;0;0;[PILNE] Nowy pomysÅ‚ rzÄ…du na ograniczenie zyskÃ³w bankÃ³w - skup akcji wÅ‚asnych. #ALR #MBK #SPL #PKO #PEO. #osiemnastatarczaantyinflacyjna https://t.co/Bkk7HzBKcC
1519330844292308993;2022-04-27 15:01:15+00:00;0;0;"@KrolMacius_1 @K_Stanowski DokÅ‚adnie rok temu dzieÅ„ przed majÃ³wkÄ… wypÅ‚acaÅ‚em hajs. Santander max 3k i 5 transakcji dziennie. Euronet 1k max + limit transakcji na karcie. 
Najmilej mnie zaskoczyÅ‚ PKO BP bo wypÅ‚acaÅ‚em po 8k - musiaÅ‚em  tylko limity pozmieniaÄ‡."
1519320627643133954;2022-04-27 14:20:39+00:00;0;2;@appfunds @K_Stanowski Santander, ING, PKO, Inteligo. Wszystkie majÄ… podobnie
1519319192910143489;2022-04-27 14:14:57+00:00;1;4;W najbliÅ¼szym czasie oczekujemy gwaÅ‚townego wyhamowania inwestycji â€“ po szacowanym wzroÅ›cie o 7,5 proc. rok do roku w pierwszym kwartale prognozujemy ich spadek o 10 proc. w drugim, przede wszystkim za sprawÄ… inwestycji prywatnych -  PKO BP.
1519312361668153345;2022-04-27 13:47:49+00:00;0;0;@kubula97 @K_Stanowski Co wy gadacie ? W paÅ„stwowym PKO biorÄ™ sobie na luzie 8 tys na raz.
1519302242305777666;2022-04-27 13:07:36+00:00;0;0;@Marcin29039099 @TJurdzinski Pracujemy nad tym - to wymaga zmian w serwisie, pÃ³Åºniej testÃ³w. Mamy nadziejÄ™, Å¼e juÅ¼ niedÅ‚ugo bÄ™dziemy mieli do przekazania dobrÄ… wiadomoÅ›Ä‡ ğŸ™‚
1519301217301708800;2022-04-27 13:03:32+00:00;0;0;@Werny_Hora @KrzysztofOsiemk @KapenGenezyp @NaWodzie @michaprzybylak jest mocno iluzoryczne, a wysokie oprocentowanie jest zwyczajnie zabezpieczeniem ich wysokich zyskÃ³w i wysokich skÅ‚adek odprowadzanych do budÅ¼etu. Samo PKO BP odprowadza ponad 1,3 mld CIT rocznie, inne banki po kilkaset mln. Jest o co walczyÄ‡ z kredytobiorcÄ… naiwniakiem.
1519298810371002368;2022-04-27 12:53:58+00:00;0;2;@AndreasPrause @thomas_dudek @PKO_Research Dzieki!
1519295720855162880;2022-04-27 12:41:41+00:00;0;1;"- Gdyby rzÄ…d, nadzÃ³r i NBP chciaÅ‚y, kredyty hipoteczne byÅ‚yby taÅ„sze - mÃ³wi Zbigniew JagieÅ‚Å‚o, do niedawna prezes PKO BP 
https://t.co/L6jDLS6NHS https://t.co/L6jDLS6NHS"
1519293869401198592;2022-04-27 12:34:20+00:00;0;0;"@NocnaZ Alior, PEKAO, PKO BP, Inteligo, Pocztowy, Envelo, BOÅš.
We wszystkich tych bankach rzÄ…d lub jego agendy (np. NFOÅš) obsadza rady nadzorcze, a wiÄ™c i zarzÄ…dy. To co - imposybilizm w PiSowskim wykonaniu?"
1519292423041654789;2022-04-27 12:28:35+00:00;0;0;@Grzegj @MichSz7 @K_Stanowski W banku PKO sry nie byÅ‚o to 60 (miss click). ByÅ‚o to 50 tyÅ› zÅ‚.
1519291973563203585;2022-04-27 12:26:48+00:00;0;0;@K_Stanowski W PKO mozna 8k :P
1519289946028359682;2022-04-27 12:18:44+00:00;0;1;@Sybaryta993 OczywiÅ›cie przekaÅ¼emy informacjÄ™ do naszego departamentu bezpieczeÅ„stwa. SzczegÃ³Å‚y dotyczÄ…ce weryfikacji toÅ¼samoÅ›ci osoby dzwoniÄ…cej sÄ… na naszej stronie: https://t.co/aXQDj5KSIJ
1519289603626311680;2022-04-27 12:17:23+00:00;0;2;@Sybaryta993 PrzestÄ™pcy dzwoniÄ… z rÃ³Å¼nych miejsc Å›wiata. KorzystajÄ… z uÅ‚omnoÅ›ci GSM - na telefonie odbiorcy moÅ¼e siÄ™ wyÅ›wietliÄ‡ dowolny numer tel. Gdy ktoÅ› podaje siÄ™ za pracownika banku, warto poprosiÄ‡ go o weryfikacjÄ™. JeÅ›li to nasz pracownik, to na IKO przyjdzie powiadomienie z jego danymi
1519287826034135047;2022-04-27 12:10:19+00:00;0;1;MÅ‚odzieÅ¼owcy Å‚Ä…cznie spÄ™dzili na boisku juÅ¼ ponad 68 000 minut! ğŸ¤¯ Nadal na czele pozostajÄ… @WislaKrakowSA i @Jagiellonia1920. BramkÄ… w 30. kolejce swojÄ… silnÄ… pozycjÄ™ umocniÅ‚ Krzysztof Kubica z @GornikZabrzeSSA. ğŸ‘ https://t.co/Ba5zl891Wk
1519286893216739329;2022-04-27 12:06:36+00:00;1;6;"PaÅ„stwowe sÄ… PKO BP, Pekao, Alior, BOÅš, Pocztowy... 
Lepiej wiÄ™c nie apelowaÄ‡, ale coÅ› zrobiÄ‡ samemu. https://t.co/AYCm59Vp55"
1519284477469630465;2022-04-27 11:57:01+00:00;1;1;"Gdyby rzÄ…d, nadzÃ³r i NBP chciaÅ‚y â€“ kredyty hipoteczne byÅ‚yby taÅ„sze - mÃ³wi Zbigniew JagieÅ‚Å‚o, byÅ‚y prezes PKO BP w rozmowie z @czuryloPL podczas @EECKatowice  #wibor 
https://t.co/Kk3UMlh3sP"
1519284290470785024;2022-04-27 11:56:16+00:00;0;0;"@katarynaaa BANKI ZALEZNE OD PIS
PKO BP
PEKAO SA / GETIN
ALIOR
BOÅš
POCZTOWY"
1519277093925920769;2022-04-27 11:27:40+00:00;0;0;@MOmowny @Leszczyna I od tego sÄ… doradcy klienta, takÅ¼e w PKO. Ale czy to robiÄ… czy nie, to inny temat. Natomiast stwierdzenie z gÃ³ry wÄ…tku, Å¼e jest jakaÅ› dyskriminacja goegraficzna, to nieprawda.
1519274374066491393;2022-04-27 11:16:52+00:00;0;0;@PKO_Research O, prosze jak pieknie! I moje autocorrecty nie przeszkodzily. Thx
1519273826940596224;2022-04-27 11:14:41+00:00;0;6;@real_el_horse PoniÅ¼ej lifting wykresu. Najbardziej zmienny jest popyt na gaz ze strony gospodarstw domowych, handlu i usÅ‚ug oraz elektrociepÅ‚owni. https://t.co/TxxmO66UIf
1519264712483033088;2022-04-27 10:38:28+00:00;0;0;@Mariusz27728103 @K_Stanowski 4k w PKO BP. Bez problemu.
1519262263831576577;2022-04-27 10:28:44+00:00;0;1;@RuchNarodowy 1/ Hmmâ€¦ skÄ…d czerpiecie PaÅ„stwo dane, Å¼e fundusze inwestycyjne w sektorze PRS sÄ… w stanie realnie wpÅ‚ynÄ…Ä‡ na stawki czynszu w Polsce? Zgodnie z danymi PKO i raportem Knight Frank (za 2021) w Polsce mamy obecnie ok 1,2 mln mieszkaÅ„ na wynajem, a rynek PRS posiada ich ok. 5.600
1519261844044759041;2022-04-27 10:27:04+00:00;0;0;"@predek97 @grze_sznik @K_Stanowski No nie jest to nowoÅ›Ä‡, Pko bp to bylo juz z 5 lat temu. 
Ale w wielu bankach ni ma."
1519261321489006596;2022-04-27 10:25:00+00:00;0;6;"Polski start-up przykuÅ‚ uwagÄ™ inwestorÃ³w. ZÂ kapitaÅ‚em iÂ doÅ›wiadczeniem ciekawych osÃ³b zeÂ Å›wiata biznesu chce rozwinÄ…Ä‡ siÄ™ wÂ Polsce iÂ za granicÄ…. WÂ jego produkt - cyfrowÄ… platformÄ™ dla klubÃ³w, lig i federacji sportowych  uwierzyÅ‚ m. in. byÅ‚y prezes PKO PB

https://t.co/Rei5ZZkZdB"
1519258610894790657;2022-04-27 10:14:13+00:00;0;1;@MOmowny @Leszczyna To prawda, Å¼e detaliczne w PKO sÄ… na innych warunkach. Natomiast Catalyst nie jest zarezerwowany dla zagranicy, i ten sam PKO ma dom maklerski, w ktÃ³rym moÅ¼na to zaÅ‚atwiÄ‡. Nie wspominajÄ…Ä‡ o IKE Obligacje, gdzie detaliczne papiery sÄ… bez podatku Belki.
1519257818204942337;2022-04-27 10:11:04+00:00;0;0;@D_Miazek @K_Stanowski Za duÅ¼a sieÄ‡. W PKO BP bez problemu w 200 wypÅ‚acaÅ‚em i po 4 tys. zÅ‚otych w ich bankomatach.
1519257783841038337;2022-04-27 10:10:56+00:00;6;13;â—ï¸Rosja wstrzymuje dostawy gazu do Polski. WedÅ‚ug analizyğŸ“ˆ@PKO_Research, nie zagrozi to naszej gospodarce. Co wiÄ™cej, analitycy wskazujÄ…, Å¼e ğŸ‡µğŸ‡± wydaje siÄ™ byÄ‡ lepiej przygotowana do rezygnacjiâŒz rosyjskiego gazu, niÅ¼ przeciÄ™tne inne paÅ„stwa UE. https://t.co/EIhEksyw9q
1519256774272077824;2022-04-27 10:06:56+00:00;1;4;"JuÅ¼ dzisiaj o godzinie 18 zapraszamy na webinar o dezinformacji - w jaki sposÃ³b rozpoznawaÄ‡ faÅ‚szywe newsy? Jak na nie reagowaÄ‡? Opowie o tym @PaulaCqure
ğŸ“ºhttps://t.co/zMQs4gNFoT https://t.co/8vqRoUfBP0"
1519254216807788545;2022-04-27 09:56:46+00:00;0;0;@marekb2006 @zaspany_34 @grucadam0510 @K_Stanowski @MarcinTyc Nie wiem, u mnie aliorbank, pko bp i wÅ‚asnie euronet ma takÄ… praktyke. Mi to rybka, denerwuje tylko ludzi za mnÄ… bo i tak wezme ile chce..
1519253815236702208;2022-04-27 09:55:10+00:00;0;5;@Barbara79095782 @Mariusz43819074 @K_Stanowski KtÃ³re banki upadÅ‚y? PKO? BGÅ»? W latach 80 dla klientÃ³w indywidualnych istniaÅ‚ praktycznie jeden bank, PKO w strukturach NBP. Tzw system monobankowy.
1519249661021855744;2022-04-27 09:38:40+00:00;0;0;@JarekDen @PKOBP Z Santadera dostaÅ‚em SMS, Å¼e oferujÄ… mi kredyt z rrso 27,96% wiÄ™c rzekÅ‚bym ze w PKO dostaÅ‚eÅ› promocyjne warunki xD
1519248830126043137;2022-04-27 09:35:22+00:00;0;0;@ZarebaKrystian @K_Stanowski @skalpel24 No i jak masz konto w PKO to z Euronetu wypÅ‚acasz za friko.
1519246782043152384;2022-04-27 09:27:13+00:00;0;1;@Sybaryta993 Panie Adamie, ten numer nie naleÅ¼y do nas. Ostrzegamy przed takimi sytuacjami na stronie: https://t.co/m0YrBEXr4u
1519243698848124929;2022-04-27 09:14:58+00:00;0;0;@lis_tomasz Jest Pan pewien, Å¼e PKOBP oraz PKO nie podwyÅ¼szajÄ… oprocentowania? Czy poprostu walimy na Å›lepo?
1519242844703277058;2022-04-27 09:11:35+00:00;0;0;@MichSz7 @K_Stanowski @skalpel24 A kto komu broni byÄ‡ klientem PKO? Na tym to polega: jak siÄ™ mÄ…drze wybierze bank to siÄ™ ma darmowe usÅ‚ugi a jak ktoÅ› jest ignorantem to pÅ‚acze na tt Å¼e gotÃ³wki nie moÅ¼e wypÅ‚aciÄ‡.
1519241344719499265;2022-04-27 09:05:37+00:00;0;1;"@Cyfrowy_Ja @Leszczyna Tekst w stylu ""moÅ¼na sobie kupiÄ‡ mieszkanie albo zÅ‚oto albo akcje"" 
No nie. PrzeciÄ™tny Kowalski nie ma pojÄ™cia co to catalyst i nie musi mieÄ‡. On ma pÃ³jÅ›Ä‡ sobie do PKO kupiÄ‡ obligacje i juÅ¼. A te rzÄ…dzÄ…cy proponujÄ… mu na duÅ¼o niÅ¼szy % niÅ¼ zagranicy."
1519240525026672642;2022-04-27 09:02:21+00:00;0;1;"PKO out. 
jeszcze tylko OPL siÄ™ trzyma. 
Strata za ten rok 55%"
1519239180399824897;2022-04-27 08:57:01+00:00;0;0;PKO BP: Bez Jamalu luka podaÅ¼y gazu to max. 5,6 mld m3 w br., moÅ¼e zostaÄ‡ uzupeÅ‚niona https://t.co/NRNPxcbnVu https://t.co/IxfDzuUgHm
1519237900742938625;2022-04-27 08:51:56+00:00;0;0;PKO jak widaÄ‡ https://t.co/2YeG5KvYOt
1519237328660742147;2022-04-27 08:49:39+00:00;0;1;@PKO_Research Jakbyscie zrobili gospodarstwa domowe na gorze to by ladnie pokazalo ze inny popyt jest staly, a sezonowosc mamy tylko w diachronic. #datavis
1519236553670725632;2022-04-27 08:46:35+00:00;0;0;PKO BP: Bez Jamalu luka podaÅ¼y gazu to max. 5,6 mld m3 w br., moÅ¼e zostaÄ‡ uzupeÅ‚niona https://t.co/0A8vlhXrj2
1519236089978003457;2022-04-27 08:44:44+00:00;0;2;@PKO_Research Z najbardziej sezonowo zmiennym czynnikiem na spodzie stosu, ciÄ™Å¼ko jest siÄ™ zorientowaÄ‡ w dynamice sezonowej pozostaÅ‚ych.
1519233951734325248;2022-04-27 08:36:14+00:00;0;0;"@krzych7751 @Piotr_Schramm Kto co wyprzedawaÅ‚ i to za marne pieniÄ…dze to sobie poczytaj - polecam listÄ™ wyprzedaÅ¼y Lewandowskiego.
Stocznie to PiS a nie PO zamknÄ™Å‚o ğŸ¤¦
Inwestor katarski mÃ³wi Ci coÅ› ?
Cukrownie teÅ¼ PiS sprzedawaÅ‚.
Nawet PKO teÅ¼ ğŸ¤¦"
1519233024860299264;2022-04-27 08:32:33+00:00;0;0;"@MariuszPszcz @ALTERNATYWY7 @K_Stanowski @MarcinTyc Panie Mariuszu, to ograniczenie dla klientÃ³w  ""zewnÄ™trznych"". Klienci naszego banku mogÄ… jednorazowo wypÅ‚aciÄ‡ dowolnÄ… kwotÄ™ - w ramach indywidualnego limitu, ktÃ³ry sami ustalili lub ograniczeÅ„ technicznych samego bankomatu  - zaleÅ¼nie od modelu 40 lub 100 banknotÃ³w."
1519232083360686080;2022-04-27 08:28:49+00:00;0;0;@pastor_kamil @GSiemionczyk @PKO_Research musze ciebie zmartwic bo kupujemy wciaz rosyjski gaz poprzez niemieckiego posrednika
1519231296098246656;2022-04-27 08:25:41+00:00;0;1;"@dudo90pl @anonek44 @GrzesioSzczupak @K_Stanowski PKO BP teÅ¼. 
MoÅ¼e chodziÅ‚o o bankomaty w Kinszasie?"
1519230853959749632;2022-04-27 08:23:56+00:00;1;11;"Polecam serdecznie analizÄ™ @PKO_Research dotyczÄ…cÄ… tego czy Polska da sobie radÄ™ bez rosyjskiego gazu. Patrzymy z punktu widzenia popytu, podaÅ¼y (w ujÄ™ciu sezonowym) oraz podpisanych kontraktÃ³w na LNG.

Naszym zdaniem odpowiedÅº brzmi: Tak, damy radÄ™! 

#gaz #PGNiG #Gazprom https://t.co/r8QFXm9QyR https://t.co/7SSLN09M6E"
